Subject,Start Date,Start Time,End Date,End Time
Jobb,2018-05-14,09:00:00,2018-05-14,14:00:00
Jobb,2018-05-15,09:00:00,2018-05-15,15:00:00
Jobb,2018-05-16,09:00:00,2018-05-16,15:00:00
Jobb,2018-05-24,06:30:00,2018-05-24,09:30:00
Jobb,2018-05-28,16:00:00,2018-05-28,19:45:00
Jobb,2018-06-05,06:30:00,2018-06-05,09:30:00
Jobb,2018-06-06,06:30:00,2018-06-06,09:30:00
Jobb,2018-06-07,17:00:00,2018-06-07,21:15:00
Jobb,2018-06-11,05:45:00,2018-06-11,12:00:00
Jobb,2018-06-12,06:30:00,2018-06-12,12:15:00
Jobb,2018-06-15,16:00:00,2018-06-15,19:45:00
Jobb,2018-06-16,06:30:00,2018-06-16,09:30:00
Jobb,2018-06-17,04:00:00,2018-06-17,09:30:00
Jobb,2018-06-17,17:00:00,2018-06-17,21:15:00
Jobb,2018-06-18,18:00:00,2018-06-18,21:15:00
Jobb,2018-06-19,08:00:00,2018-06-19,17:00:00
Jobb,2018-06-21,18:00:00,2018-06-21,21:15:00
Jobb,2018-06-23,06:30:00,2018-06-23,09:30:00
Jobb,2018-06-23,18:00:00,2018-06-23,21:15:00
Jobb,2018-06-24,06:30:00,2018-06-24,09:30:00
Jobb,2018-06-24,18:00:00,2018-06-24,21:15:00
Jobb,2018-06-25,06:30:00,2018-06-25,09:30:00
Jobb,2018-06-26,06:30-09:30,2018-06-26,18:15-21:15
Jobb,2018-06-27,18:00:00,2018-06-27,21:15:00
Jobb,2018-06-29,06:30:00,2018-06-29,09:30:00
Jobb,2018-07-02,05:30:00,2018-07-02,09:30:00
Jobb,2018-07-03,18:00:00,2018-07-03,21:15:00
Jobb,2018-07-07,06:30:00,2018-07-07,09:30:00
Jobb,2018-07-07,18:00:00,2018-07-08,00:15:00
Jobb,2018-07-08,18:00:00,2018-07-08,21:15:00
Jobb,2018-07-09,18:00:00,2018-07-09,21:15:00
Jobb,2018-07-10,18:00:00,2018-07-10,21:15:00
Jobb,2018-07-11,06:30:00,2018-07-11,09:30:00
Jobb,2018-07-13,06:30:00,2018-07-13,09:30:00
Jobb,2018-07-14,06:30:00,2018-07-14,09:30:00
Jobb,2018-07-14,18:00:00,2018-07-15,00:15:00
Jobb,2018-07-16,18:00:00,2018-07-16,21:15:00
Jobb,2018-07-17,18:00:00,2018-07-17,21:15:00
Jobb,2018-07-18,18:00:00,2018-07-18,21:15:00
Jobb,2018-07-19,17:00:00,2018-07-19,21:15:00
Jobb,2018-07-22,17:00:00,2018-07-22,21:15:00
Jobb,2018-07-23,18:00:00,2018-07-23,21:15:00
Jobb,2018-07-24,06:30:00,2018-07-24,09:30:00
Jobb,2018-07-25,06:30:00,2018-07-25,13:00:00
Jobb,2018-07-26,06:30:00,2018-07-26,09:30:00
Jobb,2018-07-27,18:00:00,2018-07-28,00:15:00
Jobb,2018-07-30,06:30:00,2018-07-30,09:30:00
Jobb,2018-07-31,06:30:00,2018-07-31,13:00:00
Jobb,2018-08-01,17:00:00,2018-08-01,21:15:00
Jobb,2018-08-02,17:00:00,2018-08-02,21:15:00
Jobb,2018-08-03,06:30-09:30,2018-08-03,18:00-21:15
Jobb,2018-08-04,06:30:00,2018-08-04,09:30:00
Jobb,2018-08-04,17:00:00,2018-08-04,21:15:00
Jobb,2018-08-06,06:30:00,2018-08-06,09:30:00
Jobb,2018-08-07,18:00:00,2018-08-07,21:15:00
Jobb,2018-08-08,13:00:00,2018-08-08,21:15:00
Jobb,2018-08-09,18:00:00,2018-08-09,21:15:00
Jobb,2018-08-10,18:00:00,2018-08-10,21:15:00
Jobb,2018-08-15,06:30:00,2018-08-15,13:00:00
Jobb,2018-08-16,06:30:00,2018-08-16,09:30:00
Jobb,2018-08-17,06:30:00,2018-08-17,09:30:00
Jobb,2018-08-18,06:30:00,2018-08-18,09:30:00
Jobb,2018-08-18,17:00:00,2018-08-18,21:15:00
Jobb,2018-08-19,06:30:00,2018-08-19,09:30:00
Jobb,2018-08-19,18:00:00,2018-08-19,21:15:00
Jobb,2018-08-21,18:00:00,2018-08-21,21:15:00
Jobb,2018-08-22,18:00:00,2018-08-22,21:15:00
Jobb,2018-08-23,18:00:00,2018-08-23,21:15:00
Jobb,2018-08-24,16:45:00,2018-08-24,19:45:00
Jobb,2018-08-25,06:30:00,2018-08-25,09:30:00
Jobb,2018-08-25,18:00:00,2018-08-25,21:15:00
Jobb,2018-08-26,18:00:00,2018-08-26,21:15:00
Jobb,2018-08-27,16:45:00,2018-08-27,19:45:00
Jobb,2018-08-29,06:30:00,2018-08-29,12:30:00
Jobb,2018-08-30,06:30:00,2018-08-30,09:30:00
Jobb,2018-08-31,16:45:00,2018-08-31,19:45:00
